{
    "rmse": 0.8050235770338027,
    "mae": 0.6669186554414407,
    "r2": 0.04047533375733048
}